"query","significant","p_value","term_size","query_size","intersection_size","precision","recall","term_id","source","term_name","effective_domain_size","source_order","parents"
"query_1",TRUE,2.02822433247967e-05,952,272,107,0.393382352941176,0.112394957983193,"KEGG:01110","KEGG","Biosynthesis of secondary metabolites",3709,182,"KEGG:00000"
"query_1",TRUE,0.000240360205388594,105,272,22,0.0808823529411765,0.20952380952381,"KEGG:04016","KEGG","MAPK signaling pathway - plant",3709,249,"KEGG:00000"
"query_1",TRUE,0.00282604692961838,198,272,30,0.110294117647059,0.151515151515152,"KEGG:04075","KEGG","Plant hormone signal transduction",3709,262,"KEGG:00000"
"query_1",TRUE,0.0251764944688921,1675,272,148,0.544117647058823,0.0883582089552239,"KEGG:01100","KEGG","Metabolic pathways",3709,181,"KEGG:00000"
"query_1",TRUE,0.0347163297742845,33,272,8,0.0294117647058824,0.242424242424242,"KEGG:00592","KEGG","alpha-Linolenic acid metabolism",3709,94,"KEGG:00000"
"query_1",TRUE,0.0347163297742845,188,272,25,0.0919117647058824,0.132978723404255,"KEGG:04141","KEGG","Protein processing in endoplasmic reticulum",3709,278,"KEGG:00000"
"query_1",TRUE,0.0347163297742845,135,272,20,0.0735294117647059,0.148148148148148,"KEGG:04626","KEGG","Plant-pathogen interaction",3709,331,"KEGG:00000"
