"query","significant","p_value","term_size","query_size","intersection_size","precision","recall","term_id","source","term_name","effective_domain_size","source_order","parents"
"query_1",TRUE,2.43430860186757e-05,952,564,195,0.345744680851064,0.204831932773109,"KEGG:01110","KEGG","Biosynthesis of secondary metabolites",3709,182,"KEGG:00000"
"query_1",TRUE,0.000682374087657426,135,564,40,0.0709219858156028,0.296296296296296,"KEGG:04626","KEGG","Plant-pathogen interaction",3709,331,"KEGG:00000"
"query_1",TRUE,0.0013769137281301,33,564,15,0.0265957446808511,0.454545454545455,"KEGG:00592","KEGG","alpha-Linolenic acid metabolism",3709,94,"KEGG:00000"
"query_1",TRUE,0.00143669956022424,105,564,32,0.0567375886524823,0.304761904761905,"KEGG:04016","KEGG","MAPK signaling pathway - plant",3709,249,"KEGG:00000"
"query_1",TRUE,0.00235209259516279,1675,564,296,0.524822695035461,0.176716417910448,"KEGG:01100","KEGG","Metabolic pathways",3709,181,"KEGG:00000"
"query_1",TRUE,0.0079382854452496,198,564,48,0.0851063829787234,0.242424242424242,"KEGG:04075","KEGG","Plant hormone signal transduction",3709,262,"KEGG:00000"
"query_1",TRUE,0.0079382854452496,188,564,46,0.0815602836879433,0.24468085106383,"KEGG:04141","KEGG","Protein processing in endoplasmic reticulum",3709,278,"KEGG:00000"
